run_idx,graph_idx,rep,n,p,avg_degree,time_s,found,timed_out,rec_calls
0,0,0,132,0.590959,77.833333,4.534076200,False,False,2299969
1,0,1,132,0.590959,77.757576,0.796612000,True,False,0
2,0,2,132,0.590959,77.272727,0.646155700,False,False,-1
3,0,3,132,0.590959,77.287879,4.001776300,False,False,2299969
4,0,4,132,0.590959,77.5,1.139713700,False,False,-1
5,0,5,132,0.590959,77.287879,0.522492900,False,False,-1
6,0,6,132,0.590959,77.621212,2.816734700,False,False,2299969
7,0,7,132,0.590959,77.257576,20.436668400,False,True,-1
8,0,8,132,0.590959,77.969697,0.589321100,False,False,-1
9,0,9,132,0.590959,77.151515,4.155168400,False,False,2299969
10,1,0,83,0.237482,20.216867,0.644884500,False,False,-1
11,1,1,83,0.237482,20.120482,0.708098900,False,False,-1
12,1,2,83,0.237482,19.084337,1.976085000,False,False,571788
13,1,3,83,0.237482,19.012048,1.702402500,False,False,571788
14,1,4,83,0.237482,19.759036,2.014818000,False,False,571788
15,1,5,83,0.237482,19.036145,0.780842500,False,False,-1
16,1,6,83,0.237482,19.542169,1.467630700,False,False,571788
17,1,7,83,0.237482,19.445783,3.224952700,False,False,571788
18,1,8,83,0.237482,19.855422,1.003601600,False,False,-1
19,1,9,83,0.237482,19.951807,1.166664400,False,False,571788
20,2,0,26,0.278083,5.153846,0.585591300,False,False,-1
21,2,1,26,0.278083,7.153846,0.738212100,False,False,17577
22,2,2,26,0.278083,6.153846,0.557251200,False,False,17577
23,2,3,26,0.278083,6.307692,0.475964800,False,False,-1
24,2,4,26,0.278083,6.846154,0.560441900,False,False,17577
25,2,5,26,0.278083,5.846154,0.579307900,False,False,-1
26,2,6,26,0.278083,6.923077,0.639350800,False,False,17577
27,2,7,26,0.278083,6.923077,0.861561300,False,False,17577
28,2,8,26,0.278083,7.0,0.573412000,False,False,17577
29,2,9,26,0.278083,8.230769,0.618234200,False,False,17577
30,3,0,148,0.333147,49.27027,5.481397500,False,False,3241793
31,3,1,148,0.333147,48.202703,5.686652900,False,False,3241793
32,3,2,148,0.333147,48.878378,7.637907000,False,False,3241793
33,3,3,148,0.333147,47.608108,0.694470800,False,False,-1
34,3,4,148,0.333147,48.986486,7.050526400,False,False,3241793
35,3,5,148,0.333147,49.635135,0.718782800,False,False,-1
36,3,6,148,0.333147,49.297297,0.742909600,False,False,-1
37,3,7,148,0.333147,48.689189,0.642194800,False,False,-1
38,3,8,148,0.333147,48.175676,0.983908200,False,False,-1
39,3,9,148,0.333147,48.054054,5.611967500,False,False,3241793
40,4,0,105,0.683906,70.247619,0.671576400,False,False,-1
41,4,1,105,0.683906,71.6,0.678813200,False,False,-1
42,4,2,105,0.683906,71.104762,0.586356300,False,False,-1
43,4,3,105,0.683906,70.72381,0.778990600,False,False,-1
44,4,4,105,0.683906,72.095238,20.514650800,False,True,-1
45,4,5,105,0.683906,71.409524,0.574689100,False,False,-1
46,4,6,105,0.683906,71.428571,0.554532600,False,False,-1
47,4,7,105,0.683906,69.809524,0.617715400,False,False,-1
48,4,8,105,0.683906,72.304762,18.523850100,False,False,1157626
49,4,9,105,0.683906,70.8,0.786849600,False,False,-1
50,5,0,113,0.228334,25.380531,0.550291800,False,False,-1
51,5,1,113,0.228334,25.256637,0.517921100,False,False,-1
52,5,2,113,0.228334,25.716814,6.104646400,False,False,1442898
53,5,3,113,0.228334,25.504425,0.480714800,False,False,-1
54,5,4,113,0.228334,26.123894,0.516095100,False,False,-1
55,5,5,113,0.228334,25.380531,4.742916200,False,False,1442898
56,5,6,113,0.228334,25.646018,3.661456800,False,False,1442898
57,5,7,113,0.228334,25.893805,5.399409500,False,False,1442898
58,5,8,113,0.228334,25.469027,3.133198000,False,False,1442898
59,5,9,113,0.228334,26.60177,9.192290100,False,False,1442898
60,6,0,71,0.443819,30.788732,1.042596200,False,False,-1
61,6,1,71,0.443819,32.28169,0.649885700,False,False,-1
62,6,2,71,0.443819,33.070423,0.533804400,False,False,-1
63,6,3,71,0.443819,31.802817,0.528479000,False,False,-1
64,6,4,71,0.443819,30.535211,0.991248100,False,False,357912
65,6,5,71,0.443819,30.028169,1.238747100,False,False,357912
66,6,6,71,0.443819,31.15493,0.522719600,False,False,-1
67,6,7,71,0.443819,31.239437,1.081841100,False,False,357912
68,6,8,71,0.443819,30.507042,0.810621500,False,False,-1
69,6,9,71,0.443819,31.239437,1.110983300,False,False,357912
70,7,0,28,0.610817,16.142857,0.525274200,False,False,-1
71,7,1,28,0.610817,15.857143,0.574827300,False,False,-1
72,7,2,28,0.610817,15.928571,0.592085500,False,False,-1
73,7,3,28,0.610817,16.714286,0.882522300,False,False,-1
74,7,4,28,0.610817,18.142857,0.475230600,False,False,-1
75,7,5,28,0.610817,16.357143,0.844135000,False,False,-1
76,7,6,28,0.610817,16.0,0.685428200,False,False,-1
77,7,7,28,0.610817,16.285714,0.903035000,False,False,-1
78,7,8,28,0.610817,15.928571,0.485956600,False,False,-1
79,7,9,28,0.610817,17.0,0.564454900,False,False,21953
80,8,0,30,0.527557,14.2,0.491483200,False,False,-1
81,8,1,30,0.527557,15.066667,0.573957200,False,False,-1
82,8,2,30,0.527557,15.466667,0.896306400,False,False,-1
83,8,3,30,0.527557,15.466667,0.500227100,False,False,-1
84,8,4,30,0.527557,14.666667,0.673766800,False,False,27001
85,8,5,30,0.527557,15.0,0.908326900,False,False,-1
86,8,6,30,0.527557,14.266667,0.555354600,False,False,27001
87,8,7,30,0.527557,14.933333,0.549318700,False,False,-1
88,8,8,30,0.527557,15.733333,0.783581900,False,False,-1
89,8,9,30,0.527557,15.466667,0.476037300,False,False,-1
90,9,0,118,0.642371,74.813559,0.550081800,False,False,-1
91,9,1,118,0.642371,73.813559,0.776170900,True,False,0
92,9,2,118,0.642371,72.830508,2.805022600,False,False,1643033
93,9,3,118,0.642371,75.355932,0.583059200,False,False,-1
94,9,4,118,0.642371,74.423729,0.881730900,False,False,-1
95,9,5,118,0.642371,74.79661,0.566191800,False,False,-1
96,9,6,118,0.642371,75.372881,0.645506200,False,False,-1
97,9,7,118,0.642371,74.762712,0.863482100,True,False,0
98,9,8,118,0.642371,74.898305,2.451129800,False,False,1643033
99,9,9,118,0.642371,76.152542,0.696472400,True,False,0
100,10,0,23,0.56027,12.956522,0.806343500,False,False,-1
101,10,1,23,0.56027,12.695652,0.514658900,False,False,-1
102,10,2,23,0.56027,12.26087,0.497688000,False,False,-1
103,10,3,23,0.56027,13.130435,0.943173500,True,False,0
104,10,4,23,0.56027,12.869565,0.476032900,True,False,0
105,10,5,23,0.56027,12.173913,0.539773400,False,False,-1
106,10,6,23,0.56027,12.0,0.503307300,False,False,-1
107,10,7,23,0.56027,12.26087,0.473474800,False,False,-1
108,10,8,23,0.56027,12.869565,0.992375500,False,False,12168
109,10,9,23,0.56027,12.869565,0.968859600,False,False,-1
110,11,0,99,0.108472,10.545455,0.478850600,False,False,-1
111,11,1,99,0.108472,10.868687,4.957364600,False,False,970300
112,11,2,99,0.108472,10.222222,0.871992700,False,False,-1
113,11,3,99,0.108472,9.89899,0.510198200,False,False,-1
114,11,4,99,0.108472,10.060606,3.461245600,False,False,970300
115,11,5,99,0.108472,11.292929,1.144808400,False,False,-1
116,11,6,99,0.108472,10.929293,0.861507000,False,False,-1
117,11,7,99,0.108472,10.222222,0.547372900,False,False,-1
118,11,8,99,0.108472,9.737374,0.486470300,False,False,-1
119,11,9,99,0.108472,10.505051,0.891061600,False,False,-1
120,12,0,132,0.277057,36.318182,6.175224400,False,False,2299969
121,12,1,132,0.277057,36.212121,6.245452900,False,False,2299969
122,12,2,132,0.277057,35.227273,5.414892800,False,False,2299969
123,12,3,132,0.277057,36.742424,0.887800700,False,False,-1
124,12,4,132,0.277057,37.787879,0.764060200,False,False,-1
125,12,5,132,0.277057,36.257576,5.807136900,False,False,2299969
126,12,6,132,0.277057,36.121212,0.901916100,False,False,-1
127,12,7,132,0.277057,37.681818,6.236284600,False,False,2299969
128,12,8,132,0.277057,35.181818,4.477280800,False,False,2299969
129,12,9,132,0.277057,37.212121,0.630210600,False,False,-1
130,13,0,96,0.527015,50.166667,0.763963100,False,False,-1
131,13,1,96,0.527015,47.9375,0.716865800,False,False,-1
132,13,2,96,0.527015,50.4375,19.163949900,False,False,884737
133,13,3,96,0.527015,49.875,0.646578200,False,False,-1
134,13,4,96,0.527015,50.416667,1.428596100,False,False,884737
135,13,5,96,0.527015,51.041667,0.547438800,False,False,-1
136,13,6,96,0.527015,50.208333,0.659458500,False,False,-1
137,13,7,96,0.527015,50.854167,0.928052000,False,False,-1
138,13,8,96,0.527015,49.833333,2.167417100,False,False,884737
139,13,9,96,0.527015,50.6875,0.929309800,False,False,-1
140,14,0,68,0.592973,39.735294,0.735010600,False,False,-1
141,14,1,68,0.592973,40.294118,0.745613300,False,False,-1
142,14,2,68,0.592973,39.5,0.909965300,False,False,-1
143,14,3,68,0.592973,40.558824,4.108133000,False,False,314433
144,14,4,68,0.592973,40.705882,0.894599800,False,False,-1
145,14,5,68,0.592973,39.941176,1.345413400,False,False,-1
146,14,6,68,0.592973,40.735294,1.275687400,False,False,-1
147,14,7,68,0.592973,39.911765,0.606056000,False,False,-1
148,14,8,68,0.592973,40.588235,0.997785700,False,False,314433
149,14,9,68,0.592973,38.852941,1.167829100,False,False,314433
150,15,0,144,0.19868,28.25,0.799405100,False,False,-1
151,15,1,144,0.19868,27.916667,0.863827600,False,False,-1
152,15,2,144,0.19868,28.180556,0.886858900,False,False,-1
153,15,3,144,0.19868,27.388889,10.864965200,False,False,2985985
154,15,4,144,0.19868,28.402778,1.033640300,False,False,-1
155,15,5,144,0.19868,29.347222,5.091531900,False,False,2985985
156,15,6,144,0.19868,28.333333,0.644250300,False,False,-1
157,15,7,144,0.19868,28.666667,12.614807000,False,False,2985985
158,15,8,144,0.19868,28.416667,6.115110700,False,False,2985985
159,15,9,144,0.19868,27.930556,17.668733200,False,False,2985985
160,16,0,110,0.626362,68.981818,0.581132000,False,False,-1
161,16,1,110,0.626362,67.0,0.519485100,False,False,-1
162,16,2,110,0.626362,68.2,2.481694900,False,False,1331001
163,16,3,110,0.626362,67.8,1.137406100,False,False,-1
164,16,4,110,0.626362,67.527273,0.928301700,False,False,-1
165,16,5,110,0.626362,67.563636,0.750147700,False,False,-1
166,16,6,110,0.626362,69.181818,20.424571200,False,True,-1
167,16,7,110,0.626362,67.945455,2.155621300,False,False,1331001
168,16,8,110,0.626362,68.345455,0.793226200,False,False,-1
169,16,9,110,0.626362,68.563636,0.949800700,True,False,0
170,17,0,19,0.642957,11.263158,0.679755600,False,False,-1
171,17,1,19,0.642957,11.052632,0.892638300,False,False,-1
172,17,2,19,0.642957,9.684211,0.532098600,False,False,6860
173,17,3,19,0.642957,11.894737,0.547658300,False,False,-1
174,17,4,19,0.642957,10.842105,0.477621300,False,False,-1
175,17,5,19,0.642957,11.368421,0.545713800,False,False,6860
176,17,6,19,0.642957,11.368421,0.513185000,False,False,-1
177,17,7,19,0.642957,12.210526,0.474778500,False,False,-1
178,17,8,19,0.642957,11.684211,0.556531700,False,False,-1
179,17,9,19,0.642957,10.736842,0.500392200,False,False,-1
180,18,0,145,0.159441,22.689655,12.440810000,False,False,3048626
181,18,1,145,0.159441,22.482759,17.716125700,False,False,3048626
182,18,2,145,0.159441,22.524138,20.110851200,False,True,-1
183,18,3,145,0.159441,23.089655,0.511619300,False,False,-1
184,18,4,145,0.159441,22.57931,0.493251200,False,False,-1
185,18,5,145,0.159441,22.510345,20.011746800,False,False,3048626
186,18,6,145,0.159441,22.855172,5.922371800,False,False,3048626
187,18,7,145,0.159441,22.275862,0.501615400,False,False,-1
188,18,8,145,0.159441,23.848276,8.450168300,False,False,3048626
189,18,9,145,0.159441,23.641379,1.091733400,False,False,-1
190,19,0,127,0.595278,75.637795,0.928412200,False,False,-1
191,19,1,127,0.595278,74.393701,2.682526600,False,False,2048384
192,19,2,127,0.595278,75.338583,0.598968400,False,False,-1
193,19,3,127,0.595278,75.779528,5.327492400,False,False,2048384
194,19,4,127,0.595278,75.543307,20.515365200,False,True,-1
195,19,5,127,0.595278,74.677165,20.692156400,False,True,-1
196,19,6,127,0.595278,74.047244,0.508507700,False,False,-1
197,19,7,127,0.595278,75.212598,0.571438400,False,False,-1
198,19,8,127,0.595278,74.582677,0.534874700,True,False,0
199,19,9,127,0.595278,75.244094,0.498446200,False,False,-1
200,20,0,77,0.478199,36.883117,0.559605300,True,False,0
201,20,1,77,0.478199,35.948052,0.838842300,False,False,-1
202,20,2,77,0.478199,35.844156,5.542505900,False,False,456534
203,20,3,77,0.478199,37.402597,1.012194800,False,False,-1
204,20,4,77,0.478199,35.74026,1.398143900,False,False,456534
205,20,5,77,0.478199,36.25974,0.795997200,False,False,-1
206,20,6,77,0.478199,36.363636,0.594951500,False,False,-1
207,20,7,77,0.478199,37.116883,1.098533200,False,False,456534
208,20,8,77,0.478199,36.727273,0.488920100,False,False,-1
209,20,9,77,0.478199,35.506494,0.535776700,False,False,-1
210,21,0,23,0.221037,4.869565,0.774335600,False,False,-1
211,21,1,23,0.221037,4.695652,0.716907500,False,False,-1
212,21,2,23,0.221037,5.130435,0.643284700,False,False,-1
213,21,3,23,0.221037,5.73913,0.486479300,False,False,-1
214,21,4,23,0.221037,4.521739,0.676286800,False,False,12168
215,21,5,23,0.221037,5.478261,0.717336900,False,False,-1
216,21,6,23,0.221037,4.434783,0.567549900,False,False,-1
217,21,7,23,0.221037,4.434783,0.481823600,False,False,-1
218,21,8,23,0.221037,4.782609,0.485419600,False,False,12168
219,21,9,23,0.221037,4.434783,0.545800100,False,False,-1
220,22,0,13,0.416449,4.307692,0.549783200,False,False,0
221,22,1,13,0.416449,3.846154,0.802975600,False,False,2198
222,22,2,13,0.416449,5.076923,1.109712000,False,False,-1
223,22,3,13,0.416449,4.307692,1.114657900,False,False,-1
224,22,4,13,0.416449,4.461538,0.702520700,False,False,-1
225,22,5,13,0.416449,6.615385,0.500983400,False,False,2198
226,22,6,13,0.416449,5.076923,0.552606700,False,False,-1
227,22,7,13,0.416449,4.923077,0.508200400,False,False,2198
228,22,8,13,0.416449,4.153846,0.505762100,False,False,-1
229,22,9,13,0.416449,4.461538,0.557388800,False,False,2198
230,23,0,48,0.34245,15.75,0.626871300,False,False,110593
231,23,1,48,0.34245,15.791667,0.786671500,False,False,-1
232,23,2,48,0.34245,15.541667,0.925986700,False,False,-1
233,23,3,48,0.34245,17.375,0.830033300,False,False,-1
234,23,4,48,0.34245,15.458333,0.655762900,False,False,110593
235,23,5,48,0.34245,17.0,0.609129800,False,False,-1
236,23,6,48,0.34245,15.125,0.715507500,False,False,110593
237,23,7,48,0.34245,16.125,1.201232000,False,False,110593
238,23,8,48,0.34245,16.875,0.481104800,False,False,-1
239,23,9,48,0.34245,14.583333,1.025124000,False,False,110593
240,24,0,116,0.145489,16.948276,3.134956400,False,False,1560897
241,24,1,116,0.145489,16.810345,9.139095400,False,False,1560897
242,24,2,116,0.145489,15.793103,5.916130900,False,False,1560897
243,24,3,116,0.145489,16.862069,0.924541000,False,False,-1
244,24,4,116,0.145489,17.982759,5.968474400,False,False,1560897
245,24,5,116,0.145489,16.913793,6.556688100,False,False,1560897
246,24,6,116,0.145489,16.913793,0.905035100,False,False,-1
247,24,7,116,0.145489,16.086207,0.870998700,False,False,-1
248,24,8,116,0.145489,17.224138,0.779379600,False,False,-1
249,24,9,116,0.145489,17.396552,6.824877600,False,False,1560897
250,25,0,122,0.710702,85.491803,0.749342600,True,False,0
251,25,1,122,0.710702,87.229508,0.491960000,True,False,0
252,25,2,122,0.710702,86.098361,20.426214100,False,True,-1
253,25,3,122,0.710702,85.409836,0.540017400,False,False,-1
254,25,4,122,0.710702,85.737705,0.538880400,False,False,-1
255,25,5,122,0.710702,85.262295,0.853621200,True,False,0
256,25,6,122,0.710702,85.868852,0.951488200,False,False,-1
257,25,7,122,0.710702,85.819672,20.743339700,False,True,-1
258,25,8,122,0.710702,85.622951,0.701166800,False,False,-1
259,25,9,122,0.710702,85.57377,3.163642200,False,False,1815849
260,26,0,129,0.346894,44.341085,3.929925900,False,False,2146690
261,26,1,129,0.346894,44.589147,0.503315500,False,False,-1
262,26,2,129,0.346894,44.775194,0.509329400,False,False,-1
263,26,3,129,0.346894,45.100775,0.587383400,False,False,-1
264,26,4,129,0.346894,44.713178,5.722066600,False,False,2146690
265,26,5,129,0.346894,44.96124,0.510558300,False,False,-1
266,26,6,129,0.346894,44.992248,0.559266500,False,False,-1
267,26,7,129,0.346894,44.341085,20.468822500,False,True,-1
268,26,8,129,0.346894,44.868217,4.500008300,False,False,2146690
269,26,9,129,0.346894,45.379845,5.139801500,False,False,2146690
270,27,0,102,0.209886,20.392157,0.864892900,False,False,-1
271,27,1,102,0.209886,21.156863,3.401571800,False,False,1061209
272,27,2,102,0.209886,21.686275,0.532439100,False,False,-1
273,27,3,102,0.209886,20.568627,2.919804700,False,False,1061209
274,27,4,102,0.209886,22.196078,0.533130000,False,False,-1
275,27,5,102,0.209886,21.235294,4.829348000,False,False,1061209
276,27,6,102,0.209886,20.72549,6.048827400,False,False,1061209
277,27,7,102,0.209886,20.980392,4.165153800,False,False,1061209
278,27,8,102,0.209886,20.901961,4.289370000,False,False,1061209
279,27,9,102,0.209886,20.568627,0.986681900,False,False,-1
280,28,0,77,0.224396,17.038961,2.210223000,False,False,456534
281,28,1,77,0.224396,17.298701,0.730374400,False,False,-1
282,28,2,77,0.224396,17.376623,2.338518200,False,False,456534
283,28,3,77,0.224396,16.909091,1.083445900,False,False,-1
284,28,4,77,0.224396,16.311688,0.964727500,False,False,-1
285,28,5,77,0.224396,17.220779,1.069462500,False,False,-1
286,28,6,77,0.224396,16.493506,2.268088300,False,False,456534
287,28,7,77,0.224396,16.519481,1.821908100,False,False,456534
288,28,8,77,0.224396,17.246753,0.923960200,False,False,-1
289,28,9,77,0.224396,15.87013,3.141645400,False,False,456534
290,29,0,101,0.715143,71.445545,1.179980400,False,False,-1
291,29,1,101,0.715143,72.079208,0.754816000,True,False,0
292,29,2,101,0.715143,71.80198,1.888124500,False,False,1030302
293,29,3,101,0.715143,71.742574,0.571489900,False,False,-1
294,29,4,101,0.715143,71.188119,0.648666000,True,False,0
295,29,5,101,0.715143,71.980198,20.973929300,False,False,1030302
296,29,6,101,0.715143,71.465347,0.576089800,True,False,0
297,29,7,101,0.715143,70.871287,0.568829000,False,False,-1
298,29,8,101,0.715143,71.425743,18.333034700,False,False,1030302
299,29,9,101,0.715143,71.742574,0.585307800,True,False,0
300,30,0,25,0.462146,11.76,0.485785000,False,False,-1
301,30,1,25,0.462146,10.88,0.585553900,False,False,15626
302,30,2,25,0.462146,11.36,0.551231500,False,False,15626
303,30,3,25,0.462146,10.8,0.621742700,False,False,15626
304,30,4,25,0.462146,11.36,0.558292100,False,False,15626
305,30,5,25,0.462146,10.72,0.551838100,False,False,15626
306,30,6,25,0.462146,9.6,0.654705000,False,False,15626
307,30,7,25,0.462146,9.28,0.559448300,False,False,-1
308,30,8,25,0.462146,11.44,0.695790500,False,False,15626
309,30,9,25,0.462146,11.68,0.496130400,False,False,-1
310,31,0,53,0.245568,12.603774,1.113609300,False,False,148878
311,31,1,53,0.245568,13.283019,1.097825700,False,False,-1
312,31,2,53,0.245568,13.018868,0.907840600,False,False,-1
313,31,3,53,0.245568,12.716981,0.804654300,False,False,148878
314,31,4,53,0.245568,12.641509,0.515095100,False,False,-1
315,31,5,53,0.245568,13.622642,0.930933900,False,False,148878
316,31,6,53,0.245568,13.207547,0.843322700,False,False,148878
317,31,7,53,0.245568,13.849057,0.848008800,False,False,-1
318,31,8,53,0.245568,13.396226,0.895602600,False,False,-1
319,31,9,53,0.245568,12.226415,0.820079100,False,False,-1
320,32,0,135,0.489001,65.659259,0.865783700,False,False,-1
321,32,1,135,0.489001,65.111111,0.519518300,False,False,-1
322,32,2,135,0.489001,64.266667,5.374378300,False,False,2460376
323,32,3,135,0.489001,65.585185,1.496638000,False,False,-1
324,32,4,135,0.489001,65.22963,0.759402300,False,False,-1
325,32,5,135,0.489001,65.259259,5.247145000,False,False,2460376
326,32,6,135,0.489001,64.844444,0.987941100,False,False,-1
327,32,7,135,0.489001,63.437037,0.717316500,False,False,-1
328,32,8,135,0.489001,63.822222,4.466831200,False,False,2460376
329,32,9,135,0.489001,65.718519,0.985882800,True,False,0
330,33,0,95,0.336857,30.757895,1.086153700,False,False,-1
331,33,1,95,0.336857,32.105263,2.631345900,False,False,857376
332,33,2,95,0.336857,31.726316,2.051862700,False,False,857376
333,33,3,95,0.336857,31.705263,3.476040600,False,False,857376
334,33,4,95,0.336857,32.421053,1.060220400,False,False,-1
335,33,5,95,0.336857,31.915789,2.490122900,False,False,857376
336,33,6,95,0.336857,32.547368,3.142637300,False,False,857376
337,33,7,95,0.336857,32.0,0.967382100,False,False,-1
338,33,8,95,0.336857,31.936842,0.714834400,False,False,-1
339,33,9,95,0.336857,32.0,0.776909600,False,False,-1
340,34,0,24,0.375156,8.75,0.682613400,False,False,-1
341,34,1,24,0.375156,9.583333,1.112827700,False,False,-1
342,34,2,24,0.375156,8.833333,0.762109600,False,False,-1
343,34,3,24,0.375156,8.833333,0.631552400,False,False,-1
344,34,4,24,0.375156,8.833333,0.963076700,False,False,-1
345,34,5,24,0.375156,8.0,0.841166500,False,False,-1
346,34,6,24,0.375156,7.583333,0.733530900,False,False,13825
347,34,7,24,0.375156,7.666667,0.581935600,False,False,-1
348,34,8,24,0.375156,8.916667,0.737965800,False,False,13825
349,34,9,24,0.375156,8.916667,0.941774900,False,False,-1
350,35,0,39,0.311377,12.769231,0.541542800,False,False,-1
351,35,1,39,0.311377,12.666667,0.532308500,False,False,-1
352,35,2,39,0.311377,11.333333,0.753506200,False,False,59320
353,35,3,39,0.311377,11.179487,0.958773400,False,False,-1
354,35,4,39,0.311377,12.307692,1.069676400,False,False,-1
355,35,5,39,0.311377,11.282051,0.681820900,False,False,59320
356,35,6,39,0.311377,12.25641,0.600166100,False,False,59320
357,35,7,39,0.311377,12.153846,0.549959200,False,False,-1
358,35,8,39,0.311377,11.589744,0.519084600,False,False,-1
359,35,9,39,0.311377,11.025641,0.517649200,False,False,-1
360,36,0,31,0.309874,8.903226,0.590827600,False,False,29792
361,36,1,31,0.309874,8.903226,0.496067300,False,False,-1
362,36,2,31,0.309874,9.935484,0.915016700,False,False,-1
363,36,3,31,0.309874,8.709677,0.895678300,False,False,29792
364,36,4,31,0.309874,8.774194,1.120221900,False,False,-1
365,36,5,31,0.309874,9.677419,0.784197500,False,False,29792
366,36,6,31,0.309874,8.516129,0.561239700,False,False,29792
367,36,7,31,0.309874,10.0,0.509711600,False,False,-1
368,36,8,31,0.309874,9.806452,0.620461400,False,False,-1
369,36,9,31,0.309874,9.225806,0.567182900,False,False,29792
370,37,0,128,0.299336,37.078125,0.524891200,False,False,-1
371,37,1,128,0.299336,38.515625,0.534521600,False,False,-1
372,37,2,128,0.299336,38.4375,0.506423600,False,False,-1
373,37,3,128,0.299336,39.625,5.400939400,False,False,2097153
374,37,4,128,0.299336,37.5625,3.511703000,False,False,2097153
375,37,5,128,0.299336,38.265625,0.701536600,False,False,-1
376,37,6,128,0.299336,37.328125,0.851682800,False,False,-1
377,37,7,128,0.299336,38.234375,0.882965700,False,False,-1
378,37,8,128,0.299336,37.5,0.696039500,False,False,-1
379,37,9,128,0.299336,37.765625,0.667635200,False,False,-1
380,38,0,40,0.510095,20.2,1.031167000,False,False,-1
381,38,1,40,0.510095,19.1,0.710327100,False,False,-1
382,38,2,40,0.510095,19.9,0.897336500,False,False,64001
383,38,3,40,0.510095,19.55,0.846890100,False,False,-1
384,38,4,40,0.510095,20.6,0.758165500,False,False,-1
385,38,5,40,0.510095,20.85,0.899176600,False,False,-1
386,38,6,40,0.510095,19.25,0.479733000,False,False,-1
387,38,7,40,0.510095,19.45,0.534711200,False,False,-1
388,38,8,40,0.510095,19.65,0.795892700,False,False,-1
389,38,9,40,0.510095,19.6,0.568708800,False,False,-1
390,39,0,82,0.25162,20.853659,1.166768900,False,False,551369
391,39,1,82,0.25162,20.560976,2.445385200,False,False,551369
392,39,2,82,0.25162,19.317073,0.553011000,False,False,-1
393,39,3,82,0.25162,20.878049,1.646062800,False,False,551369
394,39,4,82,0.25162,20.804878,0.644854600,False,False,-1
395,39,5,82,0.25162,19.634146,1.823231600,False,False,551369
396,39,6,82,0.25162,19.95122,0.639861200,False,False,-1
397,39,7,82,0.25162,21.0,0.517978400,False,False,-1
398,39,8,82,0.25162,20.97561,0.970849600,False,False,-1
399,39,9,82,0.25162,20.634146,0.782446200,False,False,-1
400,40,0,132,0.48799,63.787879,0.713719400,False,False,-1
401,40,1,132,0.48799,63.909091,0.494902400,False,False,-1
402,40,2,132,0.48799,65.378788,0.561972100,False,False,-1
403,40,3,132,0.48799,63.712121,0.534766000,False,False,-1
404,40,4,132,0.48799,64.0,0.502970200,False,False,-1
405,40,5,132,0.48799,62.515152,0.577674200,False,False,-1
406,40,6,132,0.48799,63.924242,0.510347900,False,False,-1
407,40,7,132,0.48799,63.757576,0.476632800,False,False,-1
408,40,8,132,0.48799,64.212121,0.960981300,False,False,-1
409,40,9,132,0.48799,64.257576,0.922067200,False,False,-1
410,41,0,40,0.102723,3.35,0.857184800,False,False,0
411,41,1,40,0.102723,4.4,0.726435600,False,False,-1
412,41,2,40,0.102723,4.15,0.473104000,False,False,-1
413,41,3,40,0.102723,3.35,0.806049400,False,False,64001
414,41,4,40,0.102723,4.1,0.521699100,False,False,-1
415,41,5,40,0.102723,3.45,0.484426000,False,False,0
416,41,6,40,0.102723,4.05,0.576273700,False,False,0
417,41,7,40,0.102723,3.5,0.485507500,False,False,-1
418,41,8,40,0.102723,4.05,0.488363000,False,False,-1
419,41,9,40,0.102723,4.3,1.117910600,False,False,0
420,42,0,24,0.361021,8.833333,1.004506100,False,False,-1
421,42,1,24,0.361021,8.916667,0.844470100,False,False,-1
422,42,2,24,0.361021,8.416667,0.602639400,False,False,-1
423,42,3,24,0.361021,8.083333,0.552894000,False,False,-1
424,42,4,24,0.361021,8.833333,0.538851400,False,False,-1
425,42,5,24,0.361021,7.916667,0.524452000,False,False,-1
426,42,6,24,0.361021,8.833333,0.501323300,False,False,13825
427,42,7,24,0.361021,7.916667,0.715733300,False,False,13825
428,42,8,24,0.361021,9.0,0.878717900,False,False,-1
429,42,9,24,0.361021,9.25,0.969191700,False,False,-1
430,43,0,58,0.307312,18.310345,0.950009500,False,False,-1
431,43,1,58,0.307312,17.965517,0.997175100,False,False,195113
432,43,2,58,0.307312,18.586207,0.543377100,False,False,-1
433,43,3,58,0.307312,18.448276,0.489736300,False,False,-1
434,43,4,58,0.307312,18.172414,0.572844400,False,False,-1
435,43,5,58,0.307312,17.103448,0.629178200,False,False,-1
436,43,6,58,0.307312,17.827586,1.402016400,False,False,195113
437,43,7,58,0.307312,18.068966,1.368431200,False,False,195113
438,43,8,58,0.307312,18.241379,0.716803100,False,False,195113
439,43,9,58,0.307312,16.965517,0.540685900,False,False,-1
440,44,0,34,0.12248,4.647059,0.475572200,False,False,-1
441,44,1,34,0.12248,4.0,0.571189000,False,False,0
442,44,2,34,0.12248,3.647059,0.496272900,False,False,0
443,44,3,34,0.12248,3.882353,0.497329300,False,False,0
444,44,4,34,0.12248,3.647059,0.578583800,False,False,-1
445,44,5,34,0.12248,3.529412,0.864050400,False,False,0
446,44,6,34,0.12248,3.588235,1.024688700,False,False,0
447,44,7,34,0.12248,3.705882,0.552200500,False,False,-1
448,44,8,34,0.12248,4.117647,0.544573400,False,False,0
449,44,9,34,0.12248,5.176471,0.582200200,False,False,39305
450,45,0,118,0.38745,46.898305,2.429608800,False,False,1643033
451,45,1,118,0.38745,45.457627,0.870902500,False,False,-1
452,45,2,118,0.38745,45.949153,3.498338500,False,False,1643033
453,45,3,118,0.38745,46.237288,20.472712000,False,True,-1
454,45,4,118,0.38745,45.661017,0.515080500,False,False,-1
455,45,5,118,0.38745,45.79661,3.221637400,False,False,1643033
456,45,6,118,0.38745,45.711864,0.915465900,False,False,-1
457,45,7,118,0.38745,44.542373,0.500637100,False,False,-1
458,45,8,118,0.38745,45.305085,2.221851300,False,False,1643033
459,45,9,118,0.38745,44.389831,0.713957100,False,False,-1
460,46,0,127,0.615592,77.464567,0.925410800,False,False,-1
461,46,1,127,0.615592,77.181102,20.533344300,False,True,-1
462,46,2,127,0.615592,78.220472,20.993306200,False,True,-1
463,46,3,127,0.615592,77.11811,0.985564400,False,False,-1
464,46,4,127,0.615592,77.244094,3.058714500,False,False,2048384
465,46,5,127,0.615592,78.047244,4.312298800,False,False,2048384
466,46,6,127,0.615592,78.897638,0.589567100,False,False,-1
467,46,7,127,0.615592,77.685039,0.525809200,False,False,-1
468,46,8,127,0.615592,77.03937,0.542064000,False,False,-1
469,46,9,127,0.615592,77.84252,0.630612400,False,False,-1
470,47,0,56,0.727012,41.571429,1.219198800,False,False,-1
471,47,1,56,0.727012,39.964286,0.726083000,False,False,-1
472,47,2,56,0.727012,39.857143,0.922436700,True,False,0
473,47,3,56,0.727012,39.75,0.485406300,False,False,-1
474,47,4,56,0.727012,39.25,0.716932000,False,False,175617
475,47,5,56,0.727012,39.892857,0.509420000,False,False,-1
476,47,6,56,0.727012,40.607143,0.519708100,False,False,-1
477,47,7,56,0.727012,39.5,0.545885200,False,False,-1
478,47,8,56,0.727012,39.321429,0.722191500,False,False,-1
479,47,9,56,0.727012,40.142857,0.871155700,False,False,-1
480,48,0,100,0.619497,61.04,0.517954500,False,False,-1
481,48,1,100,0.619497,62.42,1.061981700,False,False,-1
482,48,2,100,0.619497,61.22,1.038113000,True,False,0
483,48,3,100,0.619497,61.62,0.501631300,False,False,-1
484,48,4,100,0.619497,61.56,0.560912400,False,False,-1
485,48,5,100,0.619497,61.5,0.728761500,False,False,-1
486,48,6,100,0.619497,61.76,0.513922700,False,False,-1
487,48,7,100,0.619497,61.46,0.636982500,False,False,-1
488,48,8,100,0.619497,60.86,0.492059600,False,False,-1
489,48,9,100,0.619497,59.68,3.311710800,False,False,1000001
490,49,0,58,0.258802,14.551724,1.163060400,False,False,195113
491,49,1,58,0.258802,14.172414,0.544175000,False,False,-1
492,49,2,58,0.258802,15.0,0.490537600,False,False,-1
493,49,3,58,0.258802,15.172414,0.513653900,False,False,-1
494,49,4,58,0.258802,14.931034,1.999847800,False,False,195113
495,49,5,58,0.258802,14.62069,0.876953600,False,False,-1
496,49,6,58,0.258802,15.137931,0.896346900,False,False,-1
497,49,7,58,0.258802,14.931034,0.562619500,False,False,-1
498,49,8,58,0.258802,15.344828,0.759834400,False,False,195113
499,49,9,58,0.258802,14.103448,0.866210900,False,False,195113
500,50,0,59,0.793099,46.508475,0.482238400,True,False,0
501,50,1,59,0.793099,45.152542,0.758701900,True,False,0
502,50,2,59,0.793099,45.898305,0.682547800,True,False,0
503,50,3,59,0.793099,46.101695,0.921988800,False,False,-1
504,50,4,59,0.793099,46.135593,0.481883300,False,False,-1
505,50,5,59,0.793099,46.440678,0.501101300,False,False,-1
506,50,6,59,0.793099,46.0,0.579428800,False,False,-1
507,50,7,59,0.793099,45.525424,0.563772100,False,False,-1
508,50,8,59,0.793099,45.932203,2.260281400,False,False,205380
509,50,9,59,0.793099,46.440678,0.559588600,True,False,0
510,51,0,94,0.681717,63.191489,1.132921100,False,False,-1
511,51,1,94,0.681717,62.680851,11.853438500,False,False,830585
512,51,2,94,0.681717,63.531915,1.066088200,False,False,-1
513,51,3,94,0.681717,63.446809,0.699705000,False,False,-1
514,51,4,94,0.681717,62.87234,0.660747200,True,False,0
515,51,5,94,0.681717,63.553191,0.523940300,True,False,0
516,51,6,94,0.681717,62.765957,0.569968000,False,False,-1
517,51,7,94,0.681717,62.787234,1.330897600,False,False,830585
518,51,8,94,0.681717,63.978723,0.713203800,False,False,-1
519,51,9,94,0.681717,63.148936,0.881400000,False,False,-1
520,52,0,26,0.341404,7.846154,0.650890600,False,False,-1
521,52,1,26,0.341404,8.615385,1.057076800,False,False,17577
522,52,2,26,0.341404,9.307692,0.501026500,False,False,17577
523,52,3,26,0.341404,8.461538,0.558574900,False,False,17577
524,52,4,26,0.341404,8.538462,0.533783500,False,False,17577
525,52,5,26,0.341404,7.615385,0.548175000,False,False,17577
526,52,6,26,0.341404,8.692308,0.519901200,False,False,-1
527,52,7,26,0.341404,8.769231,0.630934600,False,False,17577
528,52,8,26,0.341404,8.384615,0.933572100,False,False,-1
529,52,9,26,0.341404,8.307692,0.945559800,False,False,-1
530,53,0,20,0.228424,4.1,0.887288500,False,False,8001
531,53,1,20,0.228424,4.4,0.562799100,False,False,8001
532,53,2,20,0.228424,4.0,0.524379200,False,False,8001
533,53,3,20,0.228424,3.5,0.498455000,False,False,-1
534,53,4,20,0.228424,4.3,0.559756500,False,False,-1
535,53,5,20,0.228424,3.6,0.482843600,False,False,-1
536,53,6,20,0.228424,4.8,0.519383700,False,False,-1
537,53,7,20,0.228424,4.8,0.521359800,False,False,-1
538,53,8,20,0.228424,4.3,0.529010000,False,False,8001
539,53,9,20,0.228424,5.0,0.927909200,False,False,-1
540,54,0,30,0.306115,7.6,0.953930500,False,False,27001
541,54,1,30,0.306115,7.266667,0.532525300,False,False,-1
542,54,2,30,0.306115,9.2,0.613156200,False,False,27001
543,54,3,30,0.306115,8.6,0.867319100,False,False,-1
544,54,4,30,0.306115,8.533333,0.484152300,False,False,-1
545,54,5,30,0.306115,9.4,0.592285700,False,False,27001
546,54,6,30,0.306115,8.066667,0.580012000,False,False,27001
547,54,7,30,0.306115,8.8,0.712906000,False,False,-1
548,54,8,30,0.306115,9.333333,1.083280200,False,False,27001
549,54,9,30,0.306115,8.133333,0.886741900,False,False,-1
550,55,0,45,0.764949,33.6,1.226094500,False,False,91126
551,55,1,45,0.764949,32.622222,0.678694800,False,False,-1
552,55,2,45,0.764949,34.0,0.561872200,False,False,-1
553,55,3,45,0.764949,33.288889,0.484390700,False,False,-1
554,55,4,45,0.764949,34.622222,0.501990400,False,False,-1
555,55,5,45,0.764949,33.066667,0.531641500,True,False,0
556,55,6,45,0.764949,33.866667,0.506269700,False,False,-1
557,55,7,45,0.764949,34.533333,0.719733700,False,False,-1
558,55,8,45,0.764949,34.4,0.700556500,False,False,-1
559,55,9,45,0.764949,33.422222,0.596278200,False,False,-1
560,56,0,132,0.171736,22.772727,0.690708400,False,False,-1
561,56,1,132,0.171736,22.969697,5.397655200,False,False,2299969
562,56,2,132,0.171736,21.863636,0.836980800,False,False,-1
563,56,3,132,0.171736,22.454545,20.082490200,False,True,-1
564,56,4,132,0.171736,23.136364,7.343805800,False,False,2299969
565,56,5,132,0.171736,22.742424,1.212736200,False,False,-1
566,56,6,132,0.171736,21.954545,0.926198500,False,False,-1
567,56,7,132,0.171736,22.121212,0.741057300,False,False,-1
568,56,8,132,0.171736,23.0,0.629259200,False,False,-1
569,56,9,132,0.171736,22.409091,8.977308700,False,False,2299969
570,57,0,104,0.699075,71.538462,0.972100100,False,False,-1
571,57,1,104,0.699075,72.653846,0.529869500,False,False,-1
572,57,2,104,0.699075,72.942308,0.829740400,True,False,0
573,57,3,104,0.699075,71.326923,0.630240600,False,False,-1
574,57,4,104,0.699075,72.0,0.782140100,False,False,-1
575,57,5,104,0.699075,70.980769,0.647492600,False,False,-1
576,57,6,104,0.699075,71.0,1.479134100,False,False,-1
577,57,7,104,0.699075,72.961538,21.337467500,False,True,-1
578,57,8,104,0.699075,72.038462,1.097342800,False,False,-1
579,57,9,104,0.699075,70.346154,3.136395700,False,False,1124865
580,58,0,17,0.561307,9.411765,1.083617300,False,False,-1
581,58,1,17,0.561307,9.647059,1.575096500,False,False,-1
582,58,2,17,0.561307,9.058824,0.886928500,False,False,4914
583,58,3,17,0.561307,9.411765,0.512679500,False,False,-1
584,58,4,17,0.561307,8.823529,0.803652500,False,False,4914
585,58,5,17,0.561307,8.941176,0.565889500,False,False,-1
586,58,6,17,0.561307,8.117647,0.763617300,False,False,-1
587,58,7,17,0.561307,9.058824,0.610627000,False,False,-1
588,58,8,17,0.561307,9.529412,1.017494500,False,False,-1
589,58,9,17,0.561307,8.941176,0.632783000,False,False,-1
590,59,0,51,0.318602,16.470588,1.476250400,False,False,132652
591,59,1,51,0.318602,16.392157,0.516911000,False,False,-1
592,59,2,51,0.318602,16.509804,0.555838500,False,False,-1
593,59,3,51,0.318602,16.078431,1.115390600,False,False,132652
594,59,4,51,0.318602,15.098039,1.576254600,False,False,132652
595,59,5,51,0.318602,15.294118,0.977065000,False,False,132652
596,59,6,51,0.318602,15.803922,0.784217300,False,False,-1
597,59,7,51,0.318602,16.352941,0.481770300,False,False,-1
598,59,8,51,0.318602,16.666667,0.809034100,False,False,132652
599,59,9,51,0.318602,15.529412,0.555039200,False,False,-1
600,60,0,129,0.249693,32.651163,6.600801300,False,False,2146690
601,60,1,129,0.249693,31.922481,35.711437300,False,True,948863
602,60,2,129,0.249693,32.992248,1.105705100,False,False,-1
603,60,3,129,0.249693,31.069767,6.736033600,False,False,2146690
604,60,4,129,0.249693,31.937984,7.145614600,False,False,2146690
605,60,5,129,0.249693,31.348837,0.884936400,False,False,-1
606,60,6,129,0.249693,32.341085,0.712163400,False,False,-1
607,60,7,129,0.249693,32.403101,0.815287000,False,False,-1
608,60,8,129,0.249693,31.503876,0.650571100,False,False,-1
609,60,9,129,0.249693,31.829457,3.371984400,False,False,2146690
610,61,0,121,0.663235,78.0,0.781438300,False,False,-1
611,61,1,121,0.663235,79.702479,0.983687300,False,False,-1
612,61,2,121,0.663235,80.280992,0.883114200,False,False,-1
613,61,3,121,0.663235,78.727273,20.782418800,False,True,-1
614,61,4,121,0.663235,80.446281,0.690939600,False,False,-1
615,61,5,121,0.663235,79.636364,0.513695200,False,False,-1
616,61,6,121,0.663235,80.0,0.561276900,False,False,-1
617,61,7,121,0.663235,80.14876,0.662270900,False,False,-1
618,61,8,121,0.663235,79.983471,0.773981900,False,False,-1
619,61,9,121,0.663235,79.603306,0.518303400,False,False,-1
620,62,0,62,0.456573,27.225806,0.498906800,False,False,-1
621,62,1,62,0.456573,27.0,0.544915200,False,False,-1
622,62,2,62,0.456573,28.225806,0.653852700,False,False,-1
623,62,3,62,0.456573,28.354839,0.814769800,False,False,-1
624,62,4,62,0.456573,28.16129,0.636261600,False,False,-1
625,62,5,62,0.456573,28.16129,0.805395000,False,False,238329
626,62,6,62,0.456573,28.290323,0.590127400,False,False,-1
627,62,7,62,0.456573,29.225806,0.777650800,False,False,-1
628,62,8,62,0.456573,28.870968,0.771463400,False,False,238329
629,62,9,62,0.456573,28.129032,0.480869900,False,False,-1
630,63,0,48,0.603081,28.916667,0.732100300,False,False,110593
631,63,1,48,0.603081,28.416667,0.786280900,False,False,-1
632,63,2,48,0.603081,29.75,0.857968700,False,False,-1
633,63,3,48,0.603081,29.333333,0.797136000,False,False,110593
634,63,4,48,0.603081,28.666667,0.548348000,False,False,-1
635,63,5,48,0.603081,28.583333,1.020791200,False,False,-1
636,63,6,48,0.603081,28.458333,1.211477100,False,False,110593
637,63,7,48,0.603081,28.166667,0.540761700,False,False,-1
638,63,8,48,0.603081,28.458333,0.782130600,False,False,110593
639,63,9,48,0.603081,28.416667,1.143263900,False,False,110593
640,64,0,95,0.79693,74.652632,0.745597300,False,False,-1
641,64,1,95,0.79693,74.231579,0.508245200,True,False,0
642,64,2,95,0.79693,74.294737,1.880973000,False,False,857376
643,64,3,95,0.79693,74.863158,0.550346400,False,False,-1
644,64,4,95,0.79693,75.010526,0.510106700,True,False,0
645,64,5,95,0.79693,74.736842,0.720392000,False,False,-1
646,64,6,95,0.79693,74.842105,0.703532100,True,False,0
647,64,7,95,0.79693,74.231579,0.510943100,False,False,-1
648,64,8,95,0.79693,75.115789,0.542298900,False,False,-1
649,64,9,95,0.79693,75.726316,0.498940600,False,False,-1
650,65,0,24,0.730817,16.416667,0.624548700,True,False,0
651,65,1,24,0.730817,16.916667,1.037185200,False,False,13825
652,65,2,24,0.730817,16.416667,0.746026300,False,False,-1
653,65,3,24,0.730817,17.166667,0.487046500,False,False,-1
654,65,4,24,0.730817,16.916667,0.474974200,False,False,-1
655,65,5,24,0.730817,16.833333,0.557268100,False,False,-1
656,65,6,24,0.730817,18.083333,0.591303300,False,False,-1
657,65,7,24,0.730817,16.916667,0.872152800,False,False,-1
658,65,8,24,0.730817,17.083333,0.521217000,False,False,13825
659,65,9,24,0.730817,18.083333,0.527337000,True,False,0
660,66,0,41,0.428552,15.560976,0.893836100,False,False,-1
661,66,1,41,0.428552,17.121951,0.816818300,False,False,-1
662,66,2,41,0.428552,16.341463,0.607509400,False,False,68922
663,66,3,41,0.428552,16.829268,0.566962600,False,False,68922
664,66,4,41,0.428552,17.219512,0.558369500,False,False,-1
665,66,5,41,0.428552,17.707317,0.626036200,False,False,68922
666,66,6,41,0.428552,16.634146,0.660858400,False,False,68922
667,66,7,41,0.428552,17.170732,0.791446300,False,False,-1
668,66,8,41,0.428552,17.414634,0.989990500,False,False,68922
669,66,9,41,0.428552,17.317073,0.809784400,False,False,68922
670,67,0,30,0.270878,8.066667,0.807906700,False,False,-1
671,67,1,30,0.270878,7.333333,0.860505300,False,False,27001
672,67,2,30,0.270878,6.666667,0.499002900,False,False,-1
673,67,3,30,0.270878,6.866667,0.585700700,False,False,27001
674,67,4,30,0.270878,7.533333,0.557153600,False,False,27001
675,67,5,30,0.270878,7.466667,0.660971800,False,False,-1
676,67,6,30,0.270878,7.6,1.240326400,False,False,27001
677,67,7,30,0.270878,7.466667,0.758859000,False,False,-1
678,67,8,30,0.270878,7.4,0.540983000,False,False,27001
679,67,9,30,0.270878,8.2,0.877316200,False,False,27001
680,68,0,91,0.31432,27.318681,0.551109200,False,False,-1
681,68,1,91,0.31432,26.725275,0.522763700,False,False,-1
682,68,2,91,0.31432,28.32967,0.555178600,False,False,-1
683,68,3,91,0.31432,27.120879,2.250859300,False,False,753572
684,68,4,91,0.31432,27.032967,2.698567300,False,False,753572
685,68,5,91,0.31432,26.857143,0.574488700,False,False,-1
686,68,6,91,0.31432,28.879121,1.731296000,False,False,753572
687,68,7,91,0.31432,28.043956,0.571477200,False,False,-1
688,68,8,91,0.31432,29.164835,0.735637900,False,False,-1
689,68,9,91,0.31432,28.241758,0.722065700,False,False,-1
690,69,0,42,0.172431,7.190476,1.025954900,False,False,-1
691,69,1,42,0.172431,6.809524,0.614807800,False,False,-1
692,69,2,42,0.172431,6.761905,0.571484100,False,False,-1
693,69,3,42,0.172431,7.761905,0.477461900,False,False,-1
694,69,4,42,0.172431,7.47619,0.520955800,False,False,-1
695,69,5,42,0.172431,7.904762,0.509101300,False,False,-1
696,69,6,42,0.172431,7.095238,0.499757000,False,False,-1
697,69,7,42,0.172431,6.285714,0.982722600,False,False,74089
698,69,8,42,0.172431,6.0,0.728483600,False,False,-1
699,69,9,42,0.172431,7.095238,0.981663400,False,False,-1
700,70,0,32,0.362084,11.8125,0.811964900,False,False,32769
701,70,1,32,0.362084,10.625,0.628806300,False,False,32769
702,70,2,32,0.362084,12.9375,0.648854600,False,False,32769
703,70,3,32,0.362084,11.25,0.659338500,False,False,32769
704,70,4,32,0.362084,10.5,0.721771200,False,False,32769
705,70,5,32,0.362084,9.375,0.914243600,False,False,-1
706,70,6,32,0.362084,10.25,0.857179900,False,False,-1
707,70,7,32,0.362084,10.75,0.866940200,False,False,-1
708,70,8,32,0.362084,10.625,0.780875700,False,False,-1
709,70,9,32,0.362084,10.5625,0.645063800,False,False,32769
710,71,0,62,0.216147,13.709677,0.974271500,False,False,238329
711,71,1,62,0.216147,12.709677,0.811817200,False,False,238329
712,71,2,62,0.216147,12.548387,1.672510100,False,False,238329
713,71,3,62,0.216147,13.387097,0.863578200,False,False,-1
714,71,4,62,0.216147,13.774194,0.841789900,False,False,-1
715,71,5,62,0.216147,12.935484,0.936333200,False,False,238329
716,71,6,62,0.216147,13.774194,1.123979700,False,False,238329
717,71,7,62,0.216147,13.064516,0.877875800,False,False,238329
718,71,8,62,0.216147,13.483871,0.668793800,False,False,-1
719,71,9,62,0.216147,13.129032,0.920591600,False,False,-1
720,72,0,149,0.615701,90.885906,1.044022000,False,False,-1
721,72,1,149,0.615701,91.275168,0.620198600,False,False,-1
722,72,2,149,0.615701,92.362416,0.550813300,True,False,0
723,72,3,149,0.615701,90.993289,4.015698300,False,False,3307950
724,72,4,149,0.615701,91.020134,1.008253600,False,False,-1
725,72,5,149,0.615701,90.832215,1.021270900,True,False,0
726,72,6,149,0.615701,90.187919,5.037007900,False,False,3307950
727,72,7,149,0.615701,91.463087,1.015554600,False,False,-1
728,72,8,149,0.615701,91.38255,0.578480700,False,False,-1
729,72,9,149,0.615701,90.187919,0.570031300,False,False,-1
730,73,0,15,0.231178,3.6,0.495791800,False,False,3376
731,73,1,15,0.231178,2.666667,0.517577800,False,False,-1
732,73,2,15,0.231178,3.866667,0.526041900,False,False,-1
733,73,3,15,0.231178,4.0,0.492751000,False,False,-1
734,73,4,15,0.231178,3.6,0.967367700,False,False,0
735,73,5,15,0.231178,3.866667,0.484434100,False,False,3376
736,73,6,15,0.231178,2.533333,0.511206300,False,False,0
737,73,7,15,0.231178,3.466667,0.798812200,False,False,-1
738,73,8,15,0.231178,3.466667,0.880418400,False,False,3376
739,73,9,15,0.231178,2.933333,0.600921900,False,False,-1
740,74,0,123,0.743757,90.764228,0.986220900,False,False,-1
741,74,1,123,0.743757,91.252033,0.644896900,True,False,0
742,74,2,123,0.743757,91.056911,0.794895900,True,False,0
743,74,3,123,0.743757,91.333333,0.802343600,False,False,-1
744,74,4,123,0.743757,92.0,1.158213000,True,False,0
745,74,5,123,0.743757,90.178862,1.068609900,False,False,-1
746,74,6,123,0.743757,90.439024,0.641496200,False,False,-1
747,74,7,123,0.743757,92.373984,0.837331200,False,False,-1
748,74,8,123,0.743757,91.073171,0.597206000,True,False,0
749,74,9,123,0.743757,90.308943,0.705008400,True,False,0
750,75,0,143,0.672924,96.083916,0.669694900,False,False,-1
751,75,1,143,0.672924,94.587413,20.820853100,False,True,-1
752,75,2,143,0.672924,94.867133,0.616475100,False,False,-1
753,75,3,143,0.672924,96.335664,0.597206200,False,False,-1
754,75,4,143,0.672924,94.881119,0.597718900,False,False,-1
755,75,5,143,0.672924,94.363636,0.630502500,False,False,-1
756,75,6,143,0.672924,95.356643,0.552977400,False,False,-1
757,75,7,143,0.672924,95.118881,0.629117100,True,False,0
758,75,8,143,0.672924,95.468531,0.547801700,False,False,-1
759,75,9,143,0.672924,94.979021,0.538096500,False,False,-1
760,76,0,123,0.521315,64.0,3.789559100,False,False,1860868
761,76,1,123,0.521315,63.268293,3.350831800,False,False,1860868
762,76,2,123,0.521315,62.95935,0.662470700,False,False,-1
763,76,3,123,0.521315,64.325203,1.004740300,False,False,-1
764,76,4,123,0.521315,63.772358,3.420577700,False,False,1860868
765,76,5,123,0.521315,64.406504,0.798139100,False,False,-1
766,76,6,123,0.521315,63.02439,0.508502800,False,False,-1
767,76,7,123,0.521315,62.617886,0.526062800,False,False,-1
768,76,8,123,0.521315,63.560976,4.307992600,False,False,1860868
769,76,9,123,0.521315,63.837398,0.717226900,True,False,0
770,77,0,66,0.296219,19.484848,0.489813900,False,False,-1
771,77,1,66,0.296219,18.636364,0.581311500,False,False,-1
772,77,2,66,0.296219,20.545455,0.950885200,False,False,287497
773,77,3,66,0.296219,18.848485,1.171143000,False,False,287497
774,77,4,66,0.296219,19.454545,2.077256100,False,False,287497
775,77,5,66,0.296219,19.363636,1.319828900,False,False,287497
776,77,6,66,0.296219,18.393939,0.535556900,False,False,-1
777,77,7,66,0.296219,19.848485,1.068069300,False,False,287497
778,77,8,66,0.296219,18.272727,0.596808500,False,False,-1
779,77,9,66,0.296219,18.484848,1.193315200,False,False,-1
780,78,0,148,0.24187,35.108108,0.959662000,False,False,-1
781,78,1,148,0.24187,35.662162,0.624799000,False,False,-1
782,78,2,148,0.24187,35.567568,20.494644400,False,True,-1
783,78,3,148,0.24187,36.121622,0.545829100,False,False,-1
784,78,4,148,0.24187,36.391892,5.390967700,False,False,3241793
785,78,5,148,0.24187,36.297297,1.557286500,False,False,-1
786,78,6,148,0.24187,36.594595,0.671981100,False,False,-1
787,78,7,148,0.24187,35.77027,7.685584800,False,False,3241793
788,78,8,148,0.24187,36.324324,17.071967100,False,False,3241793
789,78,9,148,0.24187,34.743243,4.422445000,False,False,3241793
790,79,0,149,0.789437,116.147651,1.281296400,True,False,0
791,79,1,149,0.789437,115.865772,1.269831300,False,False,-1
792,79,2,149,0.789437,117.449664,0.525434300,False,False,-1
793,79,3,149,0.789437,116.85906,0.615980600,True,False,0
794,79,4,149,0.789437,116.966443,0.593824000,True,False,0
795,79,5,149,0.789437,116.550336,0.574190700,False,False,-1
796,79,6,149,0.789437,117.503356,0.539505600,False,False,-1
797,79,7,149,0.789437,117.879195,0.547889300,True,False,0
798,79,8,149,0.789437,117.973154,0.556399900,True,False,0
799,79,9,149,0.789437,116.604027,0.535158600,True,False,0
800,80,0,123,0.355954,42.487805,5.167323600,False,False,1860868
801,80,1,123,0.355954,43.674797,0.508251800,False,False,-1
802,80,2,123,0.355954,43.495935,4.007505100,False,False,1860868
803,80,3,123,0.355954,42.455285,1.103716700,False,False,-1
804,80,4,123,0.355954,43.837398,20.447422400,False,True,-1
805,80,5,123,0.355954,43.170732,0.579720100,False,False,-1
806,80,6,123,0.355954,43.821138,20.480916300,False,True,-1
807,80,7,123,0.355954,44.715447,3.406167300,False,False,1860868
808,80,8,123,0.355954,41.804878,0.722945100,False,False,-1
809,80,9,123,0.355954,43.642276,0.909706600,False,False,-1
810,81,0,138,0.245944,32.15942,5.090840000,False,False,2628073
811,81,1,138,0.245944,33.855072,11.096709400,False,False,2628073
812,81,2,138,0.245944,32.101449,0.639995300,False,False,-1
813,81,3,138,0.245944,34.565217,0.488125600,False,False,-1
814,81,4,138,0.245944,34.434783,0.478937300,False,False,-1
815,81,5,138,0.245944,32.971014,0.587775500,False,False,-1
816,81,6,138,0.245944,33.666667,8.310938200,False,False,2628073
817,81,7,138,0.245944,33.768116,0.712312300,False,False,-1
818,81,8,138,0.245944,34.405797,0.959398000,False,False,-1
819,81,9,138,0.245944,33.797101,0.686373700,False,False,-1
820,82,0,58,0.213255,12.241379,0.739167400,False,False,-1
821,82,1,58,0.213255,11.758621,1.437693700,False,False,195113
822,82,2,58,0.213255,11.37931,0.561226800,False,False,-1
823,82,3,58,0.213255,13.344828,1.174261600,False,False,195113
824,82,4,58,0.213255,12.0,0.543183600,False,False,-1
825,82,5,58,0.213255,11.724138,1.341176200,False,False,195113
826,82,6,58,0.213255,12.551724,0.854978600,False,False,-1
827,82,7,58,0.213255,12.965517,0.543628200,False,False,-1
828,82,8,58,0.213255,12.034483,0.928769300,False,False,-1
829,82,9,58,0.213255,12.344828,1.302489100,False,False,195113
830,83,0,99,0.268461,25.272727,0.774873000,False,False,-1
831,83,1,99,0.268461,25.494949,0.931885900,False,False,-1
832,83,2,99,0.268461,26.242424,2.725681300,False,False,970300
833,83,3,99,0.268461,27.414141,0.641724800,False,False,-1
834,83,4,99,0.268461,26.383838,0.725140000,False,False,-1
835,83,5,99,0.268461,25.838384,0.623705900,False,False,-1
836,83,6,99,0.268461,26.969697,2.009035700,False,False,970300
837,83,7,99,0.268461,26.0,1.799482700,False,False,970300
838,83,8,99,0.268461,26.444444,3.519345900,False,False,970300
839,83,9,99,0.268461,26.464646,3.435519400,False,False,970300
840,84,0,61,0.608472,36.196721,0.639935800,False,False,-1
841,84,1,61,0.608472,36.590164,1.003859700,False,False,226982
842,84,2,61,0.608472,37.180328,0.529421700,False,False,-1
843,84,3,61,0.608472,37.213115,2.387151900,False,False,226982
844,84,4,61,0.608472,36.786885,0.757269000,False,False,-1
845,84,5,61,0.608472,37.311475,0.960557200,False,False,-1
846,84,6,61,0.608472,35.901639,0.875021300,False,False,-1
847,84,7,61,0.608472,35.278689,0.516653700,False,False,-1
848,84,8,61,0.608472,35.213115,0.802552500,False,False,226982
849,84,9,61,0.608472,35.770492,0.839908500,False,False,226982
850,85,0,107,0.429348,44.728972,0.573047800,False,False,-1
851,85,1,107,0.429348,45.869159,0.546969700,False,False,-1
852,85,2,107,0.429348,46.056075,0.914790600,False,False,-1
853,85,3,107,0.429348,46.224299,5.228936100,False,False,1225044
854,85,4,107,0.429348,45.663551,2.367914200,False,False,1225044
855,85,5,107,0.429348,45.53271,2.982192600,False,False,1225044
856,85,6,107,0.429348,44.074766,0.856120800,False,False,-1
857,85,7,107,0.429348,45.775701,2.474993400,False,False,1225044
858,85,8,107,0.429348,44.672897,0.703282100,False,False,-1
859,85,9,107,0.429348,44.915888,19.458642400,False,False,1225044
860,86,0,26,0.271327,6.384615,0.789720800,False,False,-1
861,86,1,26,0.271327,5.923077,0.827521500,False,False,17577
862,86,2,26,0.271327,6.076923,0.938592400,False,False,-1
863,86,3,26,0.271327,7.538462,0.709085700,False,False,-1
864,86,4,26,0.271327,6.461538,0.499885300,False,False,-1
865,86,5,26,0.271327,7.076923,0.584996100,False,False,17577
866,86,6,26,0.271327,5.923077,0.510486500,False,False,-1
867,86,7,26,0.271327,7.0,0.571774100,False,False,-1
868,86,8,26,0.271327,7.307692,0.510829000,False,False,-1
869,86,9,26,0.271327,6.230769,0.569415400,False,False,-1
870,87,0,28,0.507495,12.071429,0.932132800,False,False,21953
871,87,1,28,0.507495,12.071429,1.043276800,False,False,-1
872,87,2,28,0.507495,14.571429,0.850117900,False,False,-1
873,87,3,28,0.507495,14.285714,0.592191200,False,False,-1
874,87,4,28,0.507495,14.0,0.503076500,False,False,-1
875,87,5,28,0.507495,13.785714,0.578209300,False,False,21953
876,87,6,28,0.507495,13.071429,0.616387600,False,False,21953
877,87,7,28,0.507495,14.0,0.560408400,False,False,21953
878,87,8,28,0.507495,12.357143,0.882736700,False,False,21953
879,87,9,28,0.507495,13.785714,1.040910200,False,False,-1
880,88,0,22,0.587934,12.454545,0.913041200,False,False,-1
881,88,1,22,0.587934,11.636364,0.706632600,False,False,-1
882,88,2,22,0.587934,12.363636,0.530556200,False,False,10649
883,88,3,22,0.587934,11.818182,0.568164800,False,False,10649
884,88,4,22,0.587934,12.181818,0.539623600,True,False,0
885,88,5,22,0.587934,12.454545,0.607494000,False,False,10649
886,88,6,22,0.587934,12.454545,0.758768500,False,False,10649
887,88,7,22,0.587934,12.727273,0.517800400,False,False,-1
888,88,8,22,0.587934,12.727273,0.556503800,False,False,-1
889,88,9,22,0.587934,10.818182,0.549355900,False,False,10649
890,89,0,43,0.132844,5.488372,0.832638600,False,False,-1
891,89,1,43,0.132844,5.302326,1.352780500,False,False,79508
892,89,2,43,0.132844,5.302326,0.818123400,False,False,79508
893,89,3,43,0.132844,5.162791,0.567568500,False,False,0
894,89,4,43,0.132844,5.767442,0.758424700,False,False,79508
895,89,5,43,0.132844,5.069767,0.797388300,False,False,-1
896,89,6,43,0.132844,5.72093,0.499270200,False,False,-1
897,89,7,43,0.132844,5.488372,0.867077300,False,False,79508
898,89,8,43,0.132844,4.604651,1.238226800,False,False,79508
899,89,9,43,0.132844,6.604651,0.725691100,False,False,-1
900,90,0,135,0.481147,64.325926,0.509954800,False,False,-1
901,90,1,135,0.481147,63.881481,4.714367200,False,False,2460376
902,90,2,135,0.481147,64.488889,0.678507700,False,False,-1
903,90,3,135,0.481147,64.577778,0.554245500,False,False,-1
904,90,4,135,0.481147,64.37037,0.572327100,False,False,-1
905,90,5,135,0.481147,63.837037,0.514452300,False,False,-1
906,90,6,135,0.481147,64.918519,4.452826800,False,False,2460376
907,90,7,135,0.481147,64.859259,0.581614900,False,False,-1
908,90,8,135,0.481147,64.548148,0.557008500,False,False,-1
909,90,9,135,0.481147,63.822222,0.599025900,False,False,-1
910,91,0,124,0.172513,20.935484,0.552516700,False,False,-1
911,91,1,124,0.172513,21.258065,0.681687600,False,False,-1
912,91,2,124,0.172513,21.080645,0.975949600,False,False,-1
913,91,3,124,0.172513,21.241935,10.654858500,False,False,1906625
914,91,4,124,0.172513,20.516129,0.753873600,False,False,-1
915,91,5,124,0.172513,20.241935,5.340478800,False,False,1906625
916,91,6,124,0.172513,21.451613,15.108101300,False,False,1906625
917,91,7,124,0.172513,21.112903,3.124459000,False,False,1906625
918,91,8,124,0.172513,20.967742,6.047628400,False,False,1906625
919,91,9,124,0.172513,21.790323,0.586267900,False,False,-1
920,92,0,44,0.315005,13.727273,0.630475600,False,False,85185
921,92,1,44,0.315005,14.454545,0.584013600,False,False,-1
922,92,2,44,0.315005,14.409091,0.754177200,False,False,85185
923,92,3,44,0.315005,13.727273,0.702315100,False,False,-1
924,92,4,44,0.315005,13.909091,0.521142600,False,False,-1
925,92,5,44,0.315005,13.818182,0.890921700,False,False,85185
926,92,6,44,0.315005,14.454545,0.871369300,False,False,-1
927,92,7,44,0.315005,13.909091,0.842618500,False,False,85185
928,92,8,44,0.315005,14.045455,0.638068400,False,False,85185
929,92,9,44,0.315005,13.181818,0.672990400,False,False,85185
930,93,0,134,0.754242,99.671642,0.537538200,False,False,-1
931,93,1,134,0.754242,101.985075,0.604456500,True,False,0
932,93,2,134,0.754242,99.746269,0.813637900,False,False,-1
933,93,3,134,0.754242,100.432836,0.975589000,False,False,-1
934,93,4,134,0.754242,99.641791,0.935678500,False,False,-1
935,93,5,134,0.754242,99.477612,0.750754600,False,False,-1
936,93,6,134,0.754242,99.761194,0.545707700,True,False,0
937,93,7,134,0.754242,100.402985,0.611257300,True,False,0
938,93,8,134,0.754242,99.597015,0.515507800,False,False,-1
939,93,9,134,0.754242,100.641791,0.601683300,True,False,0
940,94,0,94,0.602721,54.765957,12.403532700,False,False,830585
941,94,1,94,0.602721,57.06383,0.673085300,False,False,-1
942,94,2,94,0.602721,56.851064,0.698663500,False,False,-1
943,94,3,94,0.602721,57.340426,0.873789000,False,False,-1
944,94,4,94,0.602721,55.93617,0.516668800,False,False,-1
945,94,5,94,0.602721,56.468085,0.638920100,False,False,-1
946,94,6,94,0.602721,56.06383,0.903996800,False,False,-1
947,94,7,94,0.602721,54.957447,0.615809100,False,False,-1
948,94,8,94,0.602721,55.340426,0.527075900,False,False,-1
949,94,9,94,0.602721,55.425532,0.577024200,False,False,-1
950,95,0,148,0.367647,54.108108,0.740646800,False,False,-1
951,95,1,148,0.367647,53.689189,0.754627500,False,False,-1
952,95,2,148,0.367647,53.905405,5.880481200,False,False,3241793
953,95,3,148,0.367647,53.972973,0.534242800,False,False,-1
954,95,4,148,0.367647,54.878378,0.770501300,False,False,-1
955,95,5,148,0.367647,54.594595,5.242275700,False,False,3241793
956,95,6,148,0.367647,53.824324,0.624496900,False,False,-1
957,95,7,148,0.367647,53.608108,0.783268600,False,False,-1
958,95,8,148,0.367647,55.459459,5.429327900,False,False,3241793
959,95,9,148,0.367647,54.040541,0.933521100,False,False,-1
960,96,0,96,0.535753,50.020833,2.102639800,False,False,884737
961,96,1,96,0.535753,51.9375,0.537434800,False,False,-1
962,96,2,96,0.535753,51.645833,0.525013900,False,False,-1
963,96,3,96,0.535753,50.270833,2.144265400,False,False,884737
964,96,4,96,0.535753,51.729167,0.625757500,False,False,-1
965,96,5,96,0.535753,50.666667,0.863856000,False,False,-1
966,96,6,96,0.535753,50.5625,0.501371200,False,False,-1
967,96,7,96,0.535753,51.416667,0.608200700,False,False,-1
968,96,8,96,0.535753,50.895833,0.518294100,False,False,-1
969,96,9,96,0.535753,51.1875,0.508294400,False,False,-1
970,97,0,26,0.449916,10.769231,0.626592900,False,False,17577
971,97,1,26,0.449916,11.615385,0.494655900,False,False,-1
972,97,2,26,0.449916,11.846154,0.566133100,False,False,17577
973,97,3,26,0.449916,11.538462,0.660584300,False,False,17577
974,97,4,26,0.449916,10.0,0.848693600,False,False,-1
975,97,5,26,0.449916,11.076923,0.811471900,False,False,17577
976,97,6,26,0.449916,11.0,0.840900100,False,False,-1
977,97,7,26,0.449916,11.923077,0.795558700,False,False,17577
978,97,8,26,0.449916,10.230769,0.605248100,False,False,17577
979,97,9,26,0.449916,11.153846,0.514769400,False,False,-1
980,98,0,102,0.620353,62.431373,0.539267900,False,False,-1
981,98,1,102,0.620353,62.764706,20.945227400,False,True,309311
982,98,2,102,0.620353,63.372549,1.327261400,False,False,-1
983,98,3,102,0.620353,61.372549,1.221744900,True,False,0
984,98,4,102,0.620353,62.568627,1.280109000,False,False,-1
985,98,5,102,0.620353,61.705882,5.017923600,False,False,1061209
986,98,6,102,0.620353,62.431373,1.362626700,False,False,-1
987,98,7,102,0.620353,62.529412,1.415236100,False,False,-1
988,98,8,102,0.620353,63.666667,1.268854000,False,False,-1
989,98,9,102,0.620353,61.27451,1.680893900,False,False,-1
990,99,0,87,0.658709,56.712644,1.839886000,False,False,-1
991,99,1,87,0.658709,57.586207,1.670363000,True,False,0
992,99,2,87,0.658709,57.08046,15.534541600,False,False,658504
993,99,3,87,0.658709,55.54023,1.471546000,True,False,0
994,99,4,87,0.658709,57.310345,14.563201300,False,False,658504
995,99,5,87,0.658709,57.333333,1.290285000,False,False,-1
996,99,6,87,0.658709,55.563218,1.346348400,False,False,-1
997,99,7,87,0.658709,55.356322,3.086345600,False,False,658504
998,99,8,87,0.658709,55.816092,1.422000500,False,False,-1
999,99,9,87,0.658709,56.183908,1.461952200,False,False,-1
